sample_index,energy
0,-4.422239999999999
1,-5.4501800000000005
2,-5.4501800000000005
3,-5.4501800000000005
4,-5.4501800000000005
5,-5.4501800000000005
6,-5.4501800000000005
7,-5.4501800000000005
8,-5.4501800000000005
9,-5.4501800000000005
10,-5.4501800000000005
11,-5.4501800000000005
12,-5.4501800000000005
13,-5.4501800000000005
14,-5.4501800000000005
15,-5.4501800000000005
16,-5.4501800000000005
17,-5.4501800000000005
18,-5.4501800000000005
19,-5.4501800000000005
20,-5.4501800000000005
21,-5.4501800000000005
22,-5.4501800000000005
23,-5.4501800000000005
24,-5.4501800000000005
25,-5.4501800000000005
26,-5.4501800000000005
27,-5.4501800000000005
28,-5.4501800000000005
29,-5.4501800000000005
30,-5.4501800000000005
31,-5.4501800000000005
32,-5.4501800000000005
33,-5.4501800000000005
34,-5.4501800000000005
35,-5.4501800000000005
36,-5.4501800000000005
37,-5.4501800000000005
38,-5.4501800000000005
39,-5.4501800000000005
40,-5.4501800000000005
41,-5.4501800000000005
42,-5.4501800000000005
43,-5.4501800000000005
44,-5.4501800000000005
45,-5.4501800000000005
46,-5.4501800000000005
47,-5.4501800000000005
48,-5.4501800000000005
49,-5.4501800000000005
50,-5.4501800000000005
51,-5.4501800000000005
52,-5.4501800000000005
53,-5.4501800000000005
54,-5.4501800000000005
55,-5.4501800000000005
56,-5.4501800000000005
57,-5.4501800000000005
58,-5.4501800000000005
59,-5.4501800000000005
60,-5.4501800000000005
61,-5.4501800000000005
62,-5.4501800000000005
63,-5.4501800000000005
64,-5.4501800000000005
65,-5.4501800000000005
66,-5.4501800000000005
67,-5.4501800000000005
68,-5.4501800000000005
69,-5.4501800000000005
70,-5.4501800000000005
71,-5.4501800000000005
72,-5.4501800000000005
73,-5.4501800000000005
74,-5.4501800000000005
75,-5.4501800000000005
76,-5.4501800000000005
77,-5.4501800000000005
78,-5.4501800000000005
79,-5.4501800000000005
80,-5.4501800000000005
81,-5.4501800000000005
82,-5.4501800000000005
83,-5.4501800000000005
84,-5.4501800000000005
85,-5.4501800000000005
86,-5.4501800000000005
87,-5.4501800000000005
88,-5.4501800000000005
89,-5.4501800000000005
90,-5.4501800000000005
91,-5.4501800000000005
92,-5.4501800000000005
93,-5.4501800000000005
94,-5.4501800000000005
95,-5.4501800000000005
96,-5.4501800000000005
97,-5.4501800000000005
98,-5.4501800000000005
99,-5.4501800000000005
100,-5.4501800000000005
101,-5.4501800000000005
102,-5.4501800000000005
103,-5.4501800000000005
104,-5.4501800000000005
105,-5.4501800000000005
106,-5.4501800000000005
107,-5.4501800000000005
108,-5.4501800000000005
109,-5.4501800000000005
110,-5.4501800000000005
111,-5.4501800000000005
112,-5.4501800000000005
113,-5.4501800000000005
114,-5.4501800000000005
115,-5.4501800000000005
116,-5.4501800000000005
117,-5.4501800000000005
118,-5.4501800000000005
119,-5.4501800000000005
120,-5.4501800000000005
121,-5.4501800000000005
122,-5.4501800000000005
123,-5.4501800000000005
124,-5.4501800000000005
125,-5.4501800000000005
126,-5.4501800000000005
127,-5.4501800000000005
128,-5.4501800000000005
129,-5.4501800000000005
130,-5.4501800000000005
131,-5.4501800000000005
132,-5.4501800000000005
133,-5.4501800000000005
134,-5.4501800000000005
135,-5.4501800000000005
136,-5.4501800000000005
137,-5.4501800000000005
138,-5.4501800000000005
139,-5.4501800000000005
140,-5.4501800000000005
141,-5.4501800000000005
142,-5.4501800000000005
143,-5.4501800000000005
144,-5.4501800000000005
145,-5.4501800000000005
146,-5.4501800000000005
147,-5.4501800000000005
148,-5.4501800000000005
149,-5.4501800000000005
150,-5.4501800000000005
151,-5.4501800000000005
152,-5.4501800000000005
153,-5.4501800000000005
154,-5.4501800000000005
155,-5.4501800000000005
156,-5.4501800000000005
157,-5.4501800000000005
158,-5.4501800000000005
159,-5.4501800000000005
160,-5.4501800000000005
161,-5.4501800000000005
162,-5.4501800000000005
163,-5.4501800000000005
164,-5.4501800000000005
165,-5.4501800000000005
166,-5.4501800000000005
167,-5.4501800000000005
168,-5.4501800000000005
169,-5.4501800000000005
170,-5.4501800000000005
171,-5.4501800000000005
172,-5.4501800000000005
173,-5.4501800000000005
174,-5.4501800000000005
175,-5.4501800000000005
176,-5.4501800000000005
177,-5.4501800000000005
178,-5.4501800000000005
179,-5.4501800000000005
180,-5.4501800000000005
181,-5.4501800000000005
182,-5.4501800000000005
183,-5.4501800000000005
184,-5.4501800000000005
185,-5.4501800000000005
186,-5.4501800000000005
187,-5.4501800000000005
188,-5.4501800000000005
189,-5.4501800000000005
190,-5.4501800000000005
191,-5.4501800000000005
192,-5.4501800000000005
193,-5.4501800000000005
194,-5.4501800000000005
195,-5.4501800000000005
196,-5.4501800000000005
197,-5.4501800000000005
198,-5.4501800000000005
199,-5.4501800000000005
200,-5.4501800000000005
201,-5.4501800000000005
202,-5.4501800000000005
203,-5.4501800000000005
204,-5.4501800000000005
205,-5.4501800000000005
206,-5.4501800000000005
207,-5.4501800000000005
208,-5.4501800000000005
209,-5.4501800000000005
210,-5.4501800000000005
211,-5.4501800000000005
212,-5.4501800000000005
213,-5.4501800000000005
214,-5.4501800000000005
215,-5.4501800000000005
216,-5.4501800000000005
217,-5.4501800000000005
218,-5.4501800000000005
219,-5.4501800000000005
220,-5.4501800000000005
221,-5.4501800000000005
222,-5.4501800000000005
223,-5.4501800000000005
224,-5.4501800000000005
225,-5.4501800000000005
226,-5.4501800000000005
227,-5.4501800000000005
228,-5.4501800000000005
229,-5.4501800000000005
230,-5.4501800000000005
231,-5.4501800000000005
232,-5.4501800000000005
233,-5.4501800000000005
234,-5.4501800000000005
235,-5.4501800000000005
236,-5.4501800000000005
237,-5.4501800000000005
238,-5.4501800000000005
239,-5.4501800000000005
240,-5.4501800000000005
241,-5.4501800000000005
242,-5.4501800000000005
243,-5.4501800000000005
244,-5.4501800000000005
245,-5.4501800000000005
246,-5.4501800000000005
247,-5.4501800000000005
248,-5.4501800000000005
249,-5.4501800000000005
250,-5.4501800000000005
251,-5.4501800000000005
252,-5.4501800000000005
253,-5.4501800000000005
254,-5.4501800000000005
255,-5.4501800000000005
256,-5.4501800000000005
257,-5.4501800000000005
258,-5.4501800000000005
259,-5.4501800000000005
260,-5.4501800000000005
261,-5.4501800000000005
262,-5.4501800000000005
263,-5.4501800000000005
264,-5.4501800000000005
265,-5.4501800000000005
266,-5.4501800000000005
267,-5.4501800000000005
268,-5.4501800000000005
269,-5.4501800000000005
270,-5.4501800000000005
271,-5.4501800000000005
272,-5.4501800000000005
273,-5.4501800000000005
274,-5.4501800000000005
275,-5.4501800000000005
276,-5.4501800000000005
277,-5.4501800000000005
278,-5.4501800000000005
279,-5.4501800000000005
280,-5.4501800000000005
281,-5.4501800000000005
282,-5.4501800000000005
283,-5.4501800000000005
284,-5.4501800000000005
285,-5.4501800000000005
286,-5.4501800000000005
287,-5.4501800000000005
288,-5.4501800000000005
289,-5.4501800000000005
290,-5.4501800000000005
291,-5.4501800000000005
292,-5.4501800000000005
293,-5.4501800000000005
294,-5.4501800000000005
295,-5.4501800000000005
296,-5.4501800000000005
297,-5.4501800000000005
298,-5.4501800000000005
299,-5.4501800000000005
300,-5.4501800000000005
301,-5.4501800000000005
302,-5.4501800000000005
303,-5.4501800000000005
304,-5.4501800000000005
305,-5.4501800000000005
306,-5.4501800000000005
307,-5.4501800000000005
308,-5.4501800000000005
309,-5.4501800000000005
310,-5.4501800000000005
311,-5.4501800000000005
312,-5.4501800000000005
313,-5.4501800000000005
314,-5.4501800000000005
315,-5.4501800000000005
316,-5.4501800000000005
317,-5.4501800000000005
318,-5.4501800000000005
319,-5.4501800000000005
320,-5.4501800000000005
321,-5.4501800000000005
322,-5.4501800000000005
323,-5.4501800000000005
324,-5.4501800000000005
325,-5.4501800000000005
326,-5.4501800000000005
327,-5.4501800000000005
328,-5.4501800000000005
329,-5.4501800000000005
330,-5.4501800000000005
331,-5.4501800000000005
332,-5.4501800000000005
333,-5.4501800000000005
334,-5.4501800000000005
335,-5.4501800000000005
336,-5.4501800000000005
337,-5.4501800000000005
338,-5.4501800000000005
339,-5.4501800000000005
340,-5.4501800000000005
341,-5.4501800000000005
342,-5.4501800000000005
343,-5.4501800000000005
344,-5.4501800000000005
345,-5.4501800000000005
346,-5.4501800000000005
347,-5.4501800000000005
348,-5.4501800000000005
349,-5.4501800000000005
350,-5.4501800000000005
351,-5.4501800000000005
352,-5.4501800000000005
353,-5.4501800000000005
354,-5.4501800000000005
355,-5.4501800000000005
356,-5.4501800000000005
357,-5.4501800000000005
358,-5.4501800000000005
359,-5.4501800000000005
360,-5.4501800000000005
361,-5.4501800000000005
362,-5.4501800000000005
363,-5.4501800000000005
364,-5.4501800000000005
365,-5.4501800000000005
366,-5.4501800000000005
367,-5.4501800000000005
368,-5.4501800000000005
369,-5.4501800000000005
370,-5.4501800000000005
371,-5.4501800000000005
372,-5.4501800000000005
373,-5.4501800000000005
374,-5.4501800000000005
375,-5.4501800000000005
376,-5.4501800000000005
377,-5.4501800000000005
378,-5.4501800000000005
379,-5.4501800000000005
380,-5.4501800000000005
381,-5.4501800000000005
382,-5.4501800000000005
383,-5.4501800000000005
384,-5.4501800000000005
385,-5.4501800000000005
386,-5.4501800000000005
387,-5.4501800000000005
388,-5.4501800000000005
389,-5.4501800000000005
390,-5.4501800000000005
391,-5.4501800000000005
392,-5.4501800000000005
393,-5.4501800000000005
394,-5.4501800000000005
395,-5.4501800000000005
396,-5.4501800000000005
397,-5.4501800000000005
398,-5.4501800000000005
399,-5.4501800000000005
400,-5.4501800000000005
401,-5.4501800000000005
402,-5.4501800000000005
403,-5.4501800000000005
404,-5.4501800000000005
405,-5.4501800000000005
406,-5.4501800000000005
407,-5.4501800000000005
408,-5.4501800000000005
409,-5.4501800000000005
410,-5.4501800000000005
411,-5.4501800000000005
412,-5.4501800000000005
413,-5.4501800000000005
414,-5.4501800000000005
415,-5.4501800000000005
416,-5.4501800000000005
417,-5.4501800000000005
418,-5.4501800000000005
419,-5.4501800000000005
420,-5.4501800000000005
421,-5.4501800000000005
422,-5.4501800000000005
423,-5.4501800000000005
424,-5.4501800000000005
425,-5.4501800000000005
426,-5.4501800000000005
427,-5.4501800000000005
428,-5.4501800000000005
429,-5.4501800000000005
430,-5.4501800000000005
431,-5.4501800000000005
432,-5.4501800000000005
433,-5.4501800000000005
434,-5.4501800000000005
435,-5.4501800000000005
436,-5.4501800000000005
437,-5.4501800000000005
438,-5.4501800000000005
439,-5.4501800000000005
440,-5.4501800000000005
441,-5.4501800000000005
442,-5.4501800000000005
443,-5.4501800000000005
444,-5.4501800000000005
445,-5.4501800000000005
446,-5.4501800000000005
447,-5.4501800000000005
448,-5.4501800000000005
449,-5.4501800000000005
450,-5.4501800000000005
451,-5.4501800000000005
452,-5.4501800000000005
453,-5.4501800000000005
454,-5.4501800000000005
455,-5.4501800000000005
456,-5.4501800000000005
457,-5.4501800000000005
458,-5.4501800000000005
459,-5.4501800000000005
460,-5.4501800000000005
461,-5.4501800000000005
462,-5.4501800000000005
463,-5.4501800000000005
464,-5.4501800000000005
465,-5.4501800000000005
466,-5.4501800000000005
467,-5.4501800000000005
468,-5.4501800000000005
469,-5.4501800000000005
470,-5.4501800000000005
471,-5.4501800000000005
472,-5.4501800000000005
473,-5.4501800000000005
474,-5.4501800000000005
475,-5.4501800000000005
476,-5.4501800000000005
477,-5.4501800000000005
478,-5.4501800000000005
479,-5.4501800000000005
480,-5.4501800000000005
481,-5.4501800000000005
482,-5.4501800000000005
483,-5.4501800000000005
484,-5.4501800000000005
485,-5.4501800000000005
486,-5.4501800000000005
487,-5.4501800000000005
488,-5.4501800000000005
489,-5.4501800000000005
490,-5.4501800000000005
491,-5.4501800000000005
492,-5.4501800000000005
493,-5.4501800000000005
494,-5.4501800000000005
495,-5.4501800000000005
496,-5.4501800000000005
497,-5.4501800000000005
498,-5.4501800000000005
499,-5.4501800000000005
500,-5.4501800000000005
501,-5.4501800000000005
502,-5.4501800000000005
503,-5.4501800000000005
504,-5.4501800000000005
505,-5.4501800000000005
506,-5.4501800000000005
507,-5.4501800000000005
508,-5.4501800000000005
509,-5.4501800000000005
510,-5.4501800000000005
511,-5.4501800000000005
512,-5.4501800000000005
513,-5.4501800000000005
514,-5.4501800000000005
515,-5.4501800000000005
516,-5.4501800000000005
517,-5.4501800000000005
518,-5.4501800000000005
519,-5.4501800000000005
520,-5.4501800000000005
521,-5.4501800000000005
522,-5.4501800000000005
523,-5.4501800000000005
524,-5.4501800000000005
525,-5.4501800000000005
526,-5.4501800000000005
527,-5.4501800000000005
528,-5.4501800000000005
529,-5.4501800000000005
530,-5.4501800000000005
531,-5.4501800000000005
532,-5.4501800000000005
533,-5.4501800000000005
534,-5.4501800000000005
535,-5.4501800000000005
536,-5.4501800000000005
537,-5.4501800000000005
538,-5.4501800000000005
539,-5.4501800000000005
540,-5.4501800000000005
541,-5.4501800000000005
542,-5.4501800000000005
543,-5.4501800000000005
544,-5.4501800000000005
545,-5.4501800000000005
546,-5.4501800000000005
547,-5.4501800000000005
548,-5.4501800000000005
549,-5.4501800000000005
550,-5.4501800000000005
551,-5.4501800000000005
552,-5.4501800000000005
553,-5.4501800000000005
554,-5.4501800000000005
555,-5.4501800000000005
556,-5.4501800000000005
557,-5.4501800000000005
558,-5.4501800000000005
559,-5.4501800000000005
560,-5.4501800000000005
561,-5.4501800000000005
562,-5.4501800000000005
563,-5.4501800000000005
564,-5.4501800000000005
565,-5.4501800000000005
566,-5.4501800000000005
567,-5.4501800000000005
568,-5.4501800000000005
569,-5.4501800000000005
570,-5.4501800000000005
571,-5.4501800000000005
572,-5.4501800000000005
573,-5.4501800000000005
574,-5.4501800000000005
575,-5.4501800000000005
576,-5.4501800000000005
577,-5.4501800000000005
578,-5.4501800000000005
579,-5.4501800000000005
580,-5.4501800000000005
581,-5.4501800000000005
582,-5.4501800000000005
583,-5.4501800000000005
584,-5.4501800000000005
585,-5.4501800000000005
586,-5.4501800000000005
587,-5.4501800000000005
588,-5.4501800000000005
589,-5.4501800000000005
590,-5.4501800000000005
591,-5.4501800000000005
592,-5.4501800000000005
593,-5.4501800000000005
594,-5.4501800000000005
595,-5.4501800000000005
596,-5.4501800000000005
597,-5.4501800000000005
598,-5.4501800000000005
599,-5.4501800000000005
600,-5.4501800000000005
601,-3.750869999999999
602,-3.750869999999999
603,-4.99198
604,-4.99198
605,-4.99198
606,-4.99198
607,-4.99198
608,-4.99198
609,-5.047139999999999
610,-5.047139999999999
611,-5.047139999999999
612,-5.047139999999999
613,-5.45018
614,-5.45018
615,-5.45018
616,-5.45018
617,-5.45018
618,-5.45018
619,-5.45018
620,-5.45018
621,-5.45018
622,-5.45018
623,-5.45018
624,-5.45018
625,-5.45018
626,-5.45018
627,-5.45018
628,-5.45018
629,-5.45018
630,-5.45018
631,-5.45018
632,-5.45018
633,-5.45018
634,-5.45018
635,-5.45018
636,-5.45018
637,-5.45018
638,-5.45018
639,-5.45018
640,-5.45018
641,-5.45018
642,-5.45018
643,-5.45018
644,-5.45018
645,-5.45018
646,-5.45018
647,-5.45018
648,-5.45018
649,-5.45018
650,-5.45018
651,-5.45018
652,-5.45018
653,-5.45018
654,-5.45018
655,-5.45018
656,-5.45018
657,-5.45018
658,-5.45018
659,-5.45018
660,-5.45018
661,-5.45018
662,-5.45018
663,-5.45018
664,-5.45018
665,-5.45018
666,-5.45018
667,-5.45018
668,-5.45018
669,-5.45018
670,-5.45018
671,-5.45018
672,-5.45018
673,-5.45018
674,-5.45018
675,-5.45018
676,-5.45018
677,-5.45018
678,-5.45018
679,-5.45018
680,-5.45018
681,-5.45018
682,-5.45018
683,-5.45018
684,-5.45018
685,-5.45018
686,-5.45018
687,-5.45018
688,-5.45018
689,-5.45018
690,-5.45018
691,-5.45018
692,-5.45018
693,-5.45018
694,-5.45018
695,-5.45018
696,-5.45018
697,-5.45018
698,-5.45018
699,-5.45018
700,-5.45018
701,-5.45018
702,-5.45018
703,-5.45018
704,-5.45018
705,-5.45018
706,-5.45018
707,-5.45018
708,-5.45018
709,-5.45018
710,-5.45018
711,-5.45018
712,-5.45018
713,-5.45018
714,-5.45018
715,-5.45018
716,-5.45018
717,-5.45018
718,-5.45018
719,-5.45018
720,-5.45018
721,-5.45018
722,-5.45018
723,-5.45018
724,-5.45018
725,-5.45018
726,-5.45018
727,-5.45018
728,-5.45018
729,-5.45018
730,-5.45018
731,-5.45018
732,-5.45018
733,-5.45018
734,-5.45018
735,-5.45018
736,-5.45018
737,-5.45018
738,-5.45018
739,-5.45018
740,-5.45018
741,-5.45018
742,-5.45018
743,-5.45018
744,-5.45018
745,-5.45018
746,-5.45018
747,-5.45018
748,-5.45018
749,-5.45018
750,-5.45018
751,-5.45018
752,-5.45018
753,-5.45018
754,-5.45018
755,-5.45018
756,-5.45018
757,-5.45018
758,-5.45018
759,-5.45018
760,-5.45018
761,-5.45018
762,-5.45018
763,-5.45018
764,-5.45018
765,-5.45018
766,-5.45018
767,-5.45018
768,-5.45018
769,-5.45018
770,-5.45018
771,-5.45018
772,-5.45018
773,-5.45018
774,-5.45018
775,-5.45018
776,-5.45018
777,-5.45018
778,-5.45018
779,-5.45018
780,-5.45018
781,-5.45018
782,-5.45018
783,-5.45018
784,-5.45018
785,-5.45018
786,-5.45018
787,-5.45018
788,-5.45018
789,-5.45018
790,-5.45018
791,-5.45018
792,-5.45018
793,-5.45018
794,-5.45018
795,-5.45018
796,-5.45018
797,-5.45018
798,-5.45018
799,-5.45018
800,-5.45018
801,-5.45018
802,-5.45018
803,-5.45018
804,-5.45018
805,-5.45018
806,-5.45018
807,-5.45018
808,-5.45018
809,-5.45018
810,-5.45018
811,-5.45018
812,-5.45018
813,-5.45018
814,-5.45018
815,-5.45018
816,-5.45018
817,-5.45018
818,-5.45018
819,-5.45018
820,-5.45018
821,-5.45018
822,-5.45018
823,-5.45018
824,-5.45018
825,-5.45018
826,-5.45018
827,-5.45018
828,-5.45018
829,-5.45018
830,-5.45018
831,-5.45018
832,-5.45018
833,-5.45018
834,-5.45018
835,-5.45018
836,-5.45018
837,-5.45018
838,-5.45018
839,-5.45018
840,-5.45018
841,-5.45018
842,-5.45018
843,-5.45018
844,-5.45018
845,-5.45018
846,-5.45018
847,-5.45018
848,-5.45018
849,-5.45018
850,-5.45018
851,-5.45018
852,-5.45018
853,-5.45018
854,-5.45018
855,-5.45018
856,-5.45018
857,-5.45018
858,-5.45018
859,-5.45018
860,-5.45018
861,-5.45018
862,-5.45018
863,-5.45018
864,-5.45018
865,-5.45018
866,-5.45018
867,-5.45018
868,-5.45018
869,-5.45018
870,-5.45018
871,-5.45018
872,-5.45018
873,-5.45018
874,-5.45018
875,-5.45018
876,-5.45018
877,-5.45018
878,-5.45018
879,-5.45018
880,-5.45018
881,-5.45018
882,-5.45018
883,-5.45018
884,-5.45018
885,-5.45018
886,-5.45018
887,-5.45018
888,-5.45018
889,-5.45018
890,-5.45018
891,-5.45018
892,-5.45018
893,-5.45018
894,-5.45018
895,-5.45018
896,-5.45018
897,-5.45018
898,-5.45018
899,-5.45018
900,-5.45018
901,-5.45018
902,-5.45018
903,-5.45018
904,-5.45018
905,-5.45018
906,-5.45018
907,-5.45018
908,-5.45018
909,-5.45018
910,-5.45018
911,-5.45018
912,-5.45018
913,-5.45018
914,-5.45018
915,-5.45018
916,-5.45018
917,-5.45018
918,-5.45018
919,-5.45018
920,-5.45018
921,-5.45018
922,-5.45018
923,-5.45018
924,-5.45018
925,-5.45018
926,-5.45018
927,-5.45018
928,-5.45018
929,-5.45018
930,-5.45018
931,-5.45018
932,-5.45018
933,-5.45018
934,-5.45018
935,-5.45018
936,-5.45018
937,-5.45018
938,-5.45018
939,-5.45018
940,-5.45018
941,-5.45018
942,-5.45018
943,-5.45018
944,-5.45018
945,-5.45018
946,-5.45018
947,-5.45018
948,-5.45018
949,-5.45018
950,-5.45018
951,-5.45018
952,-5.45018
953,-5.45018
954,-5.45018
955,-5.45018
956,-5.45018
957,-5.45018
958,-5.45018
959,-5.45018
960,-5.45018
961,-5.45018
962,-5.45018
963,-5.45018
964,-5.45018
965,-5.45018
966,-5.45018
967,-5.45018
968,-5.45018
969,-5.45018
970,-5.45018
971,-5.45018
972,-5.45018
973,-5.45018
974,-5.45018
975,-5.45018
976,-5.45018
977,-5.45018
978,-5.45018
979,-5.45018
980,-5.45018
981,-5.45018
982,-5.45018
983,-5.45018
984,-5.45018
985,-5.45018
986,-5.45018
987,-5.45018
988,-5.45018
989,-5.45018
990,-5.45018
991,-5.45018
992,-5.45018
993,-5.45018
994,-5.45018
995,-5.45018
996,-5.45018
997,-5.45018
998,-5.45018
999,-5.45018
1000,-5.45018
1001,-5.45018
1002,-5.45018
1003,-5.45018
1004,-5.45018
1005,-5.45018
1006,-5.45018
1007,-5.45018
1008,-5.45018
1009,-5.45018
1010,-5.45018
1011,-5.45018
1012,-5.45018
1013,-5.45018
1014,-5.45018
1015,-5.45018
1016,-5.45018
1017,-5.45018
1018,-5.45018
1019,-5.45018
1020,-5.45018
1021,-5.45018
1022,-5.45018
1023,-5.45018
1024,-5.45018
1025,-5.45018
1026,-5.45018
1027,-5.45018
1028,-5.45018
1029,-5.45018
1030,-5.45018
1031,-5.45018
1032,-5.45018
1033,-5.45018
1034,-5.45018
1035,-5.45018
1036,-5.45018
1037,-5.45018
1038,-5.45018
1039,-5.45018
1040,-5.45018
1041,-5.45018
1042,-5.45018
1043,-5.45018
1044,-5.45018
1045,-5.45018
1046,-5.45018
1047,-5.45018
1048,-5.45018
1049,-5.45018
1050,-5.45018
1051,-5.45018
1052,-5.45018
1053,-5.45018
1054,-5.45018
1055,-5.45018
1056,-5.45018
1057,-5.45018
1058,-5.45018
1059,-5.45018
1060,-5.45018
1061,-5.45018
1062,-5.45018
1063,-5.45018
1064,-5.45018
1065,-5.45018
1066,-5.45018
1067,-5.45018
1068,-5.45018
1069,-5.45018
1070,-5.45018
1071,-5.45018
1072,-5.45018
1073,-5.45018
1074,-5.45018
1075,-5.45018
1076,-5.45018
1077,-5.45018
1078,-5.45018
1079,-5.45018
1080,-5.45018
1081,-5.45018
1082,-5.45018
1083,-5.45018
1084,-5.45018
1085,-5.45018
1086,-5.45018
1087,-5.45018
1088,-5.45018
1089,-5.45018
1090,-5.45018
1091,-5.45018
1092,-5.45018
1093,-5.45018
1094,-5.45018
1095,-5.45018
1096,-5.45018
1097,-5.45018
1098,-5.45018
1099,-5.45018
1100,-5.45018
1101,-5.45018
1102,-5.45018
1103,-5.45018
1104,-5.45018
1105,-5.45018
1106,-5.45018
1107,-5.45018
1108,-5.45018
1109,-5.45018
1110,-5.45018
1111,-5.45018
1112,-5.45018
1113,-5.45018
1114,-5.45018
1115,-5.45018
1116,-5.45018
1117,-5.45018
1118,-5.45018
1119,-5.45018
1120,-5.45018
1121,-5.45018
1122,-5.45018
1123,-5.45018
1124,-5.45018
1125,-5.45018
1126,-5.45018
1127,-5.45018
1128,-5.45018
1129,-5.45018
1130,-5.45018
1131,-5.45018
1132,-5.45018
1133,-5.45018
1134,-5.45018
1135,-5.45018
1136,-5.45018
1137,-5.45018
1138,-5.45018
1139,-5.45018
1140,-5.45018
1141,-5.45018
1142,-5.45018
1143,-5.45018
1144,-5.45018
1145,-5.45018
1146,-5.45018
1147,-5.45018
1148,-5.45018
1149,-5.45018
1150,-5.45018
1151,-5.45018
1152,-5.45018
1153,-5.45018
1154,-5.45018
1155,-5.45018
1156,-5.45018
1157,-5.45018
1158,-5.45018
1159,-5.45018
1160,-5.45018
1161,-5.45018
1162,-5.45018
1163,-5.45018
1164,-5.45018
1165,-5.45018
1166,-5.45018
1167,-5.45018
1168,-5.45018
1169,-5.45018
1170,-5.45018
1171,-5.45018
1172,-5.45018
1173,-5.45018
1174,-5.45018
1175,-5.45018
1176,-5.45018
1177,-5.45018
1178,-5.45018
1179,-5.45018
1180,-5.45018
1181,-5.45018
1182,-5.45018
1183,-5.45018
1184,-5.45018
1185,-5.45018
1186,-5.45018
1187,-5.45018
1188,-5.45018
1189,-5.45018
1190,-5.45018
1191,-5.45018
1192,-5.45018
1193,-5.45018
1194,-5.45018
1195,-5.45018
1196,-5.45018
1197,-5.45018
1198,-5.45018
1199,-5.45018
1200,-5.45018
1201,-5.45018
1202,-1.98105
1203,-5.047139999999999
1204,-5.45018
1205,-5.45018
1206,-5.45018
1207,-5.45018
1208,-5.45018
1209,-5.45018
1210,-5.45018
1211,-5.45018
1212,-5.45018
1213,-5.45018
1214,-5.45018
1215,-5.45018
1216,-5.45018
1217,-5.45018
1218,-5.45018
1219,-5.45018
1220,-5.45018
1221,-5.45018
1222,-5.45018
1223,-5.45018
1224,-5.45018
1225,-5.45018
1226,-5.45018
1227,-5.45018
1228,-5.45018
1229,-5.45018
1230,-5.45018
1231,-5.45018
1232,-5.45018
1233,-5.45018
1234,-5.45018
1235,-5.45018
1236,-5.45018
1237,-5.45018
1238,-5.45018
1239,-5.45018
1240,-5.45018
1241,-5.45018
1242,-5.45018
1243,-5.45018
1244,-5.45018
1245,-5.45018
1246,-5.45018
1247,-5.45018
1248,-5.45018
1249,-5.45018
1250,-5.45018
1251,-5.45018
1252,-5.45018
1253,-5.45018
1254,-5.45018
1255,-5.45018
1256,-5.45018
1257,-5.45018
1258,-5.45018
1259,-5.45018
1260,-5.45018
1261,-5.45018
1262,-5.45018
1263,-5.45018
1264,-5.45018
1265,-5.45018
1266,-5.45018
1267,-5.45018
1268,-5.45018
1269,-5.45018
1270,-5.45018
1271,-5.45018
1272,-5.45018
1273,-5.45018
1274,-5.45018
1275,-5.45018
1276,-5.45018
1277,-5.45018
1278,-5.45018
1279,-5.45018
1280,-5.45018
1281,-5.45018
1282,-5.45018
1283,-5.45018
1284,-5.45018
1285,-5.45018
1286,-5.45018
1287,-5.45018
1288,-5.45018
1289,-5.45018
1290,-5.45018
1291,-5.45018
1292,-5.45018
1293,-5.45018
1294,-5.45018
1295,-5.45018
1296,-5.45018
1297,-5.45018
1298,-5.45018
1299,-5.45018
1300,-5.45018
1301,-5.45018
1302,-5.45018
1303,-5.45018
1304,-5.45018
1305,-5.45018
1306,-5.45018
1307,-5.45018
1308,-5.45018
1309,-5.45018
1310,-5.45018
1311,-5.45018
1312,-5.45018
1313,-5.45018
1314,-5.45018
1315,-5.45018
1316,-5.45018
1317,-5.45018
1318,-5.45018
1319,-5.45018
1320,-5.45018
1321,-5.45018
1322,-5.45018
1323,-5.45018
1324,-5.45018
1325,-5.45018
1326,-5.45018
1327,-5.45018
1328,-5.45018
1329,-5.45018
1330,-5.45018
1331,-5.45018
1332,-5.45018
1333,-5.45018
1334,-5.45018
1335,-5.45018
1336,-5.45018
1337,-5.45018
1338,-5.45018
1339,-5.45018
1340,-5.45018
1341,-5.45018
1342,-5.45018
1343,-5.45018
1344,-5.45018
1345,-5.45018
1346,-5.45018
1347,-5.45018
1348,-5.45018
1349,-5.45018
1350,-5.45018
1351,-5.45018
1352,-5.45018
1353,-5.45018
1354,-5.45018
1355,-5.45018
1356,-5.45018
1357,-5.45018
1358,-5.45018
1359,-5.45018
1360,-5.45018
1361,-5.45018
1362,-5.45018
1363,-5.45018
1364,-5.45018
1365,-5.45018
1366,-5.45018
1367,-5.45018
1368,-5.45018
1369,-5.45018
1370,-5.45018
1371,-5.45018
1372,-5.45018
1373,-5.45018
1374,-5.45018
1375,-5.45018
1376,-5.45018
1377,-5.45018
1378,-5.45018
1379,-5.45018
1380,-5.45018
1381,-5.45018
1382,-5.45018
1383,-5.45018
1384,-5.45018
1385,-5.45018
1386,-5.45018
1387,-5.45018
1388,-5.45018
1389,-5.45018
1390,-5.45018
1391,-5.45018
1392,-5.45018
1393,-5.45018
1394,-5.45018
1395,-5.45018
1396,-5.45018
1397,-5.45018
1398,-5.45018
1399,-5.45018
1400,-5.45018
1401,-5.45018
1402,-5.45018
1403,-5.45018
1404,-5.45018
1405,-5.45018
1406,-5.45018
1407,-5.45018
1408,-5.45018
1409,-5.45018
1410,-5.45018
1411,-5.45018
1412,-5.45018
1413,-5.45018
1414,-5.45018
1415,-5.45018
1416,-5.45018
1417,-5.45018
1418,-5.45018
1419,-5.45018
1420,-5.45018
1421,-5.45018
1422,-5.45018
1423,-5.45018
1424,-5.45018
1425,-5.45018
1426,-5.45018
1427,-5.45018
1428,-5.45018
1429,-5.45018
1430,-5.45018
1431,-5.45018
1432,-5.45018
1433,-5.45018
1434,-5.45018
1435,-5.45018
1436,-5.45018
1437,-5.45018
1438,-5.45018
1439,-5.45018
1440,-5.45018
1441,-5.45018
1442,-5.45018
1443,-5.45018
1444,-5.45018
1445,-5.45018
1446,-5.45018
1447,-5.45018
1448,-5.45018
1449,-5.45018
1450,-5.45018
1451,-5.45018
1452,-5.45018
1453,-5.45018
1454,-5.45018
1455,-5.45018
1456,-5.45018
1457,-5.45018
1458,-5.45018
1459,-5.45018
1460,-5.45018
1461,-5.45018
1462,-5.45018
1463,-5.45018
1464,-5.45018
1465,-5.45018
1466,-5.45018
1467,-5.45018
1468,-5.45018
1469,-5.45018
1470,-5.45018
1471,-5.45018
1472,-5.45018
1473,-5.45018
1474,-5.45018
1475,-5.45018
1476,-5.45018
1477,-5.45018
1478,-5.45018
1479,-5.45018
1480,-5.45018
1481,-5.45018
1482,-5.45018
1483,-5.45018
1484,-5.45018
1485,-5.45018
1486,-5.45018
1487,-5.45018
1488,-5.45018
1489,-5.45018
1490,-5.45018
1491,-5.45018
1492,-5.45018
1493,-5.45018
1494,-5.45018
1495,-5.45018
1496,-5.45018
1497,-5.45018
1498,-5.45018
1499,-5.45018
1500,-5.45018
1501,-5.45018
1502,-5.45018
1503,-5.45018
1504,-5.45018
1505,-5.45018
1506,-5.45018
1507,-5.45018
1508,-5.45018
1509,-5.45018
1510,-5.45018
1511,-5.45018
1512,-5.45018
1513,-5.45018
1514,-5.45018
1515,-5.45018
1516,-5.45018
1517,-5.45018
1518,-5.45018
1519,-5.45018
1520,-5.45018
1521,-5.45018
1522,-5.45018
1523,-5.45018
1524,-5.45018
1525,-5.45018
1526,-5.45018
1527,-5.45018
1528,-5.45018
1529,-5.45018
1530,-5.45018
1531,-5.45018
1532,-5.45018
1533,-5.45018
1534,-5.45018
1535,-5.45018
1536,-5.45018
1537,-5.45018
1538,-5.45018
1539,-5.45018
1540,-5.45018
1541,-5.45018
1542,-5.45018
1543,-5.45018
1544,-5.45018
1545,-5.45018
1546,-5.45018
1547,-5.45018
1548,-5.45018
1549,-5.45018
1550,-5.45018
1551,-5.45018
1552,-5.45018
1553,-5.45018
1554,-5.45018
1555,-5.45018
1556,-5.45018
1557,-5.45018
1558,-5.45018
1559,-5.45018
1560,-5.45018
1561,-5.45018
1562,-5.45018
1563,-5.45018
1564,-5.45018
1565,-5.45018
1566,-5.45018
1567,-5.45018
1568,-5.45018
1569,-5.45018
1570,-5.45018
1571,-5.45018
1572,-5.45018
1573,-5.45018
1574,-5.45018
1575,-5.45018
1576,-5.45018
1577,-5.45018
1578,-5.45018
1579,-5.45018
1580,-5.45018
1581,-5.45018
1582,-5.45018
1583,-5.45018
1584,-5.45018
1585,-5.45018
1586,-5.45018
1587,-5.45018
1588,-5.45018
1589,-5.45018
1590,-5.45018
1591,-5.45018
1592,-5.45018
1593,-5.45018
1594,-5.45018
1595,-5.45018
1596,-5.45018
1597,-5.45018
1598,-5.45018
1599,-5.45018
1600,-5.45018
1601,-5.45018
1602,-5.45018
1603,-5.45018
1604,-5.45018
1605,-5.45018
1606,-5.45018
1607,-5.45018
1608,-5.45018
1609,-5.45018
1610,-5.45018
1611,-5.45018
1612,-5.45018
1613,-5.45018
1614,-5.45018
1615,-5.45018
1616,-5.45018
1617,-5.45018
1618,-5.45018
1619,-5.45018
1620,-5.45018
1621,-5.45018
1622,-5.45018
1623,-5.45018
1624,-5.45018
1625,-5.45018
1626,-5.45018
1627,-5.45018
1628,-5.45018
1629,-5.45018
1630,-5.45018
1631,-5.45018
1632,-5.45018
1633,-5.45018
1634,-5.45018
1635,-5.45018
1636,-5.45018
1637,-5.45018
1638,-5.45018
1639,-5.45018
1640,-5.45018
1641,-5.45018
1642,-5.45018
1643,-5.45018
1644,-5.45018
1645,-5.45018
1646,-5.45018
1647,-5.45018
1648,-5.45018
1649,-5.45018
1650,-5.45018
1651,-5.45018
1652,-5.45018
1653,-5.45018
1654,-5.45018
1655,-5.45018
1656,-5.45018
1657,-5.45018
1658,-5.45018
1659,-5.45018
1660,-5.45018
1661,-5.45018
1662,-5.45018
1663,-5.45018
1664,-5.45018
1665,-5.45018
1666,-5.45018
1667,-5.45018
1668,-5.45018
1669,-5.45018
1670,-5.45018
1671,-5.45018
1672,-5.45018
1673,-5.45018
1674,-5.45018
1675,-5.45018
1676,-5.45018
1677,-5.45018
1678,-5.45018
1679,-5.45018
1680,-5.45018
1681,-5.45018
1682,-5.45018
1683,-5.45018
1684,-5.45018
1685,-5.45018
1686,-5.45018
1687,-5.45018
1688,-5.45018
1689,-5.45018
1690,-5.45018
1691,-5.45018
1692,-5.45018
1693,-5.45018
1694,-5.45018
1695,-5.45018
1696,-5.45018
1697,-5.45018
1698,-5.45018
1699,-5.45018
1700,-5.45018
1701,-5.45018
1702,-5.45018
1703,-5.45018
1704,-5.45018
1705,-5.45018
1706,-5.45018
1707,-5.45018
1708,-5.45018
1709,-5.45018
1710,-5.45018
1711,-5.45018
1712,-5.45018
1713,-5.45018
1714,-5.45018
1715,-5.45018
1716,-5.45018
1717,-5.45018
1718,-5.45018
1719,-5.45018
1720,-5.45018
1721,-5.45018
1722,-5.45018
1723,-5.45018
1724,-5.45018
1725,-5.45018
1726,-5.45018
1727,-5.45018
1728,-5.45018
1729,-5.45018
1730,-5.45018
1731,-5.45018
1732,-5.45018
1733,-5.45018
1734,-5.45018
1735,-5.45018
1736,-5.45018
1737,-5.45018
1738,-5.45018
1739,-5.45018
1740,-5.45018
1741,-5.45018
1742,-5.45018
1743,-5.45018
1744,-5.45018
1745,-5.45018
1746,-5.45018
1747,-5.45018
1748,-5.45018
1749,-5.45018
1750,-5.45018
1751,-5.45018
1752,-5.45018
1753,-5.45018
1754,-5.45018
1755,-5.45018
1756,-5.45018
1757,-5.45018
1758,-5.45018
1759,-5.45018
1760,-5.45018
1761,-5.45018
1762,-5.45018
1763,-5.45018
1764,-5.45018
1765,-5.45018
1766,-5.45018
1767,-5.45018
1768,-5.45018
1769,-5.45018
1770,-5.45018
1771,-5.45018
1772,-5.45018
1773,-5.45018
1774,-5.45018
1775,-5.45018
1776,-5.45018
1777,-5.45018
1778,-5.45018
1779,-5.45018
1780,-5.45018
1781,-5.45018
1782,-5.45018
1783,-5.45018
1784,-5.45018
1785,-5.45018
1786,-5.45018
1787,-5.45018
1788,-5.45018
1789,-5.45018
1790,-5.45018
1791,-5.45018
1792,-5.45018
1793,-5.45018
1794,-5.45018
1795,-5.45018
1796,-5.45018
1797,-5.45018
1798,-5.45018
1799,-5.45018
1800,-5.45018
1801,-5.45018
1802,-5.45018
1803,-4.313999999999999
1804,-5.029769999999999
1805,-5.029769999999999
1806,-5.029769999999999
1807,-5.029769999999999
1808,-5.029769999999999
1809,-5.029769999999999
1810,-5.029769999999999
1811,-5.029769999999999
1812,-5.029769999999999
1813,-5.029769999999999
1814,-5.029769999999999
1815,-5.029769999999999
1816,-5.029769999999999
1817,-5.029769999999999
1818,-5.029769999999999
1819,-5.029769999999999
1820,-5.029769999999999
1821,-5.029769999999999
1822,-5.029769999999999
1823,-5.029769999999999
1824,-5.029769999999999
1825,-5.029769999999999
1826,-5.029769999999999
1827,-5.029769999999999
1828,-5.029769999999999
1829,-5.029769999999999
1830,-5.029769999999999
1831,-5.029769999999999
1832,-5.029769999999999
1833,-5.029769999999999
1834,-5.029769999999999
1835,-5.029769999999999
1836,-5.029769999999999
1837,-5.029769999999999
1838,-5.029769999999999
1839,-5.029769999999999
1840,-5.029769999999999
1841,-5.029769999999999
1842,-5.029769999999999
1843,-5.029769999999999
1844,-5.029769999999999
1845,-5.029769999999999
1846,-5.029769999999999
1847,-5.029769999999999
1848,-5.029769999999999
1849,-5.029769999999999
1850,-5.029769999999999
1851,-5.029769999999999
1852,-5.029769999999999
1853,-5.029769999999999
1854,-5.029769999999999
1855,-5.029769999999999
1856,-5.029769999999999
1857,-5.029769999999999
1858,-5.029769999999999
1859,-5.029769999999999
1860,-5.029769999999999
1861,-5.029769999999999
1862,-5.029769999999999
1863,-5.029769999999999
1864,-5.029769999999999
1865,-5.029769999999999
1866,-5.029769999999999
1867,-5.029769999999999
1868,-5.029769999999999
1869,-5.029769999999999
1870,-5.029769999999999
1871,-5.029769999999999
1872,-5.029769999999999
1873,-5.029769999999999
1874,-5.029769999999999
1875,-5.029769999999999
1876,-5.029769999999999
1877,-5.029769999999999
1878,-5.029769999999999
1879,-5.029769999999999
1880,-5.029769999999999
1881,-5.029769999999999
1882,-5.029769999999999
1883,-5.029769999999999
1884,-5.029769999999999
1885,-5.029769999999999
1886,-5.029769999999999
1887,-5.029769999999999
1888,-5.029769999999999
1889,-5.029769999999999
1890,-5.029769999999999
1891,-5.029769999999999
1892,-5.029769999999999
1893,-5.029769999999999
1894,-5.029769999999999
1895,-5.029769999999999
1896,-5.029769999999999
1897,-5.029769999999999
1898,-5.029769999999999
1899,-5.029769999999999
1900,-5.029769999999999
1901,-5.029769999999999
1902,-5.029769999999999
1903,-5.029769999999999
1904,-5.029769999999999
1905,-5.029769999999999
1906,-5.029769999999999
1907,-5.029769999999999
1908,-5.029769999999999
1909,-5.029769999999999
1910,-5.029769999999999
1911,-5.029769999999999
1912,-5.029769999999999
1913,-5.029769999999999
1914,-5.029769999999999
1915,-5.029769999999999
1916,-5.029769999999999
1917,-5.029769999999999
1918,-5.029769999999999
1919,-5.029769999999999
1920,-5.029769999999999
1921,-5.029769999999999
1922,-5.029769999999999
1923,-5.029769999999999
1924,-5.029769999999999
1925,-5.029769999999999
1926,-5.029769999999999
1927,-5.029769999999999
1928,-5.029769999999999
1929,-5.029769999999999
1930,-5.029769999999999
1931,-5.029769999999999
1932,-5.029769999999999
1933,-5.029769999999999
1934,-5.029769999999999
1935,-5.029769999999999
1936,-5.029769999999999
1937,-5.029769999999999
1938,-5.029769999999999
1939,-5.029769999999999
1940,-5.029769999999999
1941,-5.029769999999999
1942,-5.029769999999999
1943,-5.029769999999999
1944,-5.029769999999999
1945,-5.029769999999999
1946,-5.029769999999999
1947,-5.029769999999999
1948,-5.029769999999999
1949,-5.029769999999999
1950,-5.029769999999999
1951,-5.029769999999999
1952,-5.029769999999999
1953,-5.029769999999999
1954,-5.029769999999999
1955,-5.029769999999999
1956,-5.029769999999999
1957,-5.029769999999999
1958,-5.029769999999999
1959,-5.029769999999999
1960,-5.029769999999999
1961,-5.029769999999999
1962,-5.029769999999999
1963,-5.029769999999999
1964,-5.029769999999999
1965,-5.029769999999999
1966,-5.029769999999999
1967,-5.029769999999999
1968,-5.029769999999999
1969,-5.029769999999999
1970,-5.029769999999999
1971,-5.029769999999999
1972,-5.029769999999999
1973,-5.029769999999999
1974,-5.029769999999999
1975,-5.029769999999999
1976,-5.029769999999999
1977,-5.029769999999999
1978,-5.029769999999999
1979,-5.029769999999999
1980,-5.029769999999999
1981,-5.029769999999999
1982,-5.029769999999999
1983,-5.029769999999999
1984,-5.029769999999999
1985,-5.029769999999999
1986,-5.029769999999999
1987,-5.029769999999999
1988,-5.029769999999999
1989,-5.029769999999999
1990,-5.029769999999999
1991,-5.029769999999999
1992,-5.029769999999999
1993,-5.029769999999999
1994,-5.029769999999999
1995,-5.029769999999999
1996,-5.029769999999999
1997,-5.029769999999999
1998,-5.029769999999999
1999,-5.029769999999999
2000,-5.029769999999999
2001,-5.029769999999999
2002,-5.029769999999999
2003,-5.029769999999999
2004,-5.029769999999999
2005,-5.029769999999999
2006,-5.029769999999999
2007,-5.029769999999999
2008,-5.029769999999999
2009,-5.029769999999999
2010,-5.029769999999999
2011,-5.029769999999999
2012,-5.029769999999999
2013,-5.029769999999999
2014,-5.029769999999999
2015,-5.029769999999999
2016,-5.029769999999999
2017,-5.029769999999999
2018,-5.029769999999999
2019,-5.029769999999999
2020,-5.029769999999999
2021,-5.029769999999999
2022,-5.029769999999999
2023,-5.029769999999999
2024,-5.029769999999999
2025,-5.029769999999999
2026,-5.029769999999999
2027,-5.029769999999999
2028,-5.029769999999999
2029,-5.029769999999999
2030,-5.029769999999999
2031,-5.029769999999999
2032,-5.029769999999999
2033,-5.029769999999999
2034,-5.029769999999999
2035,-5.029769999999999
2036,-5.029769999999999
2037,-5.029769999999999
2038,-5.029769999999999
2039,-5.029769999999999
2040,-5.029769999999999
2041,-5.029769999999999
2042,-5.029769999999999
2043,-5.029769999999999
2044,-5.029769999999999
2045,-5.029769999999999
2046,-5.029769999999999
2047,-5.029769999999999
2048,-5.029769999999999
2049,-5.029769999999999
2050,-5.029769999999999
2051,-5.029769999999999
2052,-5.029769999999999
2053,-5.029769999999999
2054,-5.029769999999999
2055,-5.029769999999999
2056,-5.029769999999999
2057,-5.029769999999999
2058,-5.029769999999999
2059,-5.029769999999999
2060,-5.029769999999999
2061,-5.029769999999999
2062,-5.029769999999999
2063,-5.029769999999999
2064,-5.029769999999999
2065,-5.029769999999999
2066,-5.029769999999999
2067,-5.029769999999999
2068,-5.029769999999999
2069,-5.029769999999999
2070,-5.029769999999999
2071,-5.029769999999999
2072,-5.029769999999999
2073,-5.029769999999999
2074,-5.029769999999999
2075,-5.029769999999999
2076,-5.029769999999999
2077,-5.029769999999999
2078,-5.029769999999999
2079,-5.029769999999999
2080,-5.029769999999999
2081,-5.029769999999999
2082,-5.029769999999999
2083,-5.029769999999999
2084,-5.029769999999999
2085,-5.029769999999999
2086,-5.029769999999999
2087,-5.029769999999999
2088,-5.029769999999999
2089,-5.029769999999999
2090,-5.029769999999999
2091,-5.029769999999999
2092,-5.029769999999999
2093,-5.029769999999999
2094,-5.029769999999999
2095,-5.029769999999999
2096,-5.029769999999999
2097,-5.029769999999999
2098,-5.029769999999999
2099,-5.029769999999999
2100,-5.029769999999999
2101,-5.029769999999999
2102,-5.029769999999999
2103,-5.029769999999999
2104,-5.029769999999999
2105,-5.029769999999999
2106,-5.029769999999999
2107,-5.029769999999999
2108,-5.029769999999999
2109,-5.029769999999999
2110,-5.029769999999999
2111,-5.029769999999999
2112,-5.029769999999999
2113,-5.029769999999999
2114,-5.029769999999999
2115,-5.029769999999999
2116,-5.029769999999999
2117,-5.029769999999999
2118,-5.029769999999999
2119,-5.029769999999999
2120,-5.029769999999999
2121,-5.029769999999999
2122,-5.029769999999999
2123,-5.029769999999999
2124,-5.029769999999999
2125,-5.029769999999999
2126,-5.029769999999999
2127,-5.029769999999999
2128,-5.029769999999999
2129,-5.029769999999999
2130,-5.029769999999999
2131,-5.029769999999999
2132,-5.029769999999999
2133,-5.029769999999999
2134,-5.029769999999999
2135,-5.029769999999999
2136,-5.029769999999999
2137,-5.029769999999999
2138,-5.029769999999999
2139,-5.029769999999999
2140,-5.029769999999999
2141,-5.029769999999999
2142,-5.029769999999999
2143,-5.029769999999999
2144,-5.029769999999999
2145,-5.029769999999999
2146,-5.029769999999999
2147,-5.029769999999999
2148,-5.029769999999999
2149,-5.029769999999999
2150,-5.029769999999999
2151,-5.029769999999999
2152,-5.029769999999999
2153,-5.029769999999999
2154,-5.029769999999999
2155,-5.029769999999999
2156,-5.029769999999999
2157,-5.029769999999999
2158,-5.029769999999999
2159,-5.029769999999999
2160,-5.029769999999999
2161,-5.029769999999999
2162,-5.029769999999999
2163,-5.029769999999999
2164,-5.029769999999999
2165,-5.029769999999999
2166,-5.029769999999999
2167,-5.029769999999999
2168,-5.029769999999999
2169,-5.029769999999999
2170,-5.029769999999999
2171,-5.029769999999999
2172,-5.029769999999999
2173,-5.029769999999999
2174,-5.029769999999999
2175,-5.029769999999999
2176,-5.029769999999999
2177,-5.029769999999999
2178,-5.029769999999999
2179,-5.029769999999999
2180,-5.029769999999999
2181,-5.029769999999999
2182,-5.029769999999999
2183,-5.029769999999999
2184,-5.029769999999999
2185,-5.029769999999999
2186,-5.029769999999999
2187,-5.029769999999999
2188,-5.029769999999999
2189,-5.029769999999999
2190,-5.029769999999999
2191,-5.029769999999999
2192,-5.029769999999999
2193,-5.029769999999999
2194,-5.029769999999999
2195,-5.029769999999999
2196,-5.029769999999999
2197,-5.029769999999999
2198,-5.029769999999999
2199,-5.029769999999999
2200,-5.029769999999999
2201,-5.029769999999999
2202,-5.029769999999999
2203,-5.029769999999999
2204,-5.029769999999999
2205,-5.029769999999999
2206,-5.029769999999999
2207,-5.029769999999999
2208,-5.029769999999999
2209,-5.029769999999999
2210,-5.029769999999999
2211,-5.029769999999999
2212,-5.029769999999999
2213,-5.029769999999999
2214,-5.029769999999999
2215,-5.029769999999999
2216,-5.029769999999999
2217,-5.029769999999999
2218,-5.029769999999999
2219,-5.029769999999999
2220,-5.029769999999999
2221,-5.029769999999999
2222,-5.029769999999999
2223,-5.029769999999999
2224,-5.029769999999999
2225,-5.029769999999999
2226,-5.029769999999999
2227,-5.029769999999999
2228,-5.029769999999999
2229,-5.029769999999999
2230,-5.029769999999999
2231,-5.029769999999999
2232,-5.029769999999999
2233,-5.029769999999999
2234,-5.029769999999999
2235,-5.029769999999999
2236,-5.029769999999999
2237,-5.029769999999999
2238,-5.029769999999999
2239,-5.029769999999999
2240,-5.029769999999999
2241,-5.029769999999999
2242,-5.029769999999999
2243,-5.029769999999999
2244,-5.029769999999999
2245,-5.029769999999999
2246,-5.029769999999999
2247,-5.029769999999999
2248,-5.029769999999999
2249,-5.029769999999999
2250,-5.029769999999999
2251,-5.029769999999999
2252,-5.029769999999999
2253,-5.029769999999999
2254,-5.029769999999999
2255,-5.029769999999999
2256,-5.029769999999999
2257,-5.029769999999999
2258,-5.029769999999999
2259,-5.029769999999999
2260,-5.029769999999999
2261,-5.029769999999999
2262,-5.029769999999999
2263,-5.029769999999999
2264,-5.029769999999999
2265,-5.029769999999999
2266,-5.029769999999999
2267,-5.029769999999999
2268,-5.029769999999999
2269,-5.029769999999999
2270,-5.029769999999999
2271,-5.029769999999999
2272,-5.029769999999999
2273,-5.029769999999999
2274,-5.029769999999999
2275,-5.029769999999999
2276,-5.029769999999999
2277,-5.029769999999999
2278,-5.029769999999999
2279,-5.029769999999999
2280,-5.029769999999999
2281,-5.029769999999999
2282,-5.029769999999999
2283,-5.029769999999999
2284,-5.029769999999999
2285,-5.029769999999999
2286,-5.029769999999999
2287,-5.029769999999999
2288,-5.029769999999999
2289,-5.029769999999999
2290,-5.029769999999999
2291,-5.029769999999999
2292,-5.029769999999999
2293,-5.029769999999999
2294,-5.029769999999999
2295,-5.029769999999999
2296,-5.029769999999999
2297,-5.029769999999999
2298,-5.029769999999999
2299,-5.029769999999999
2300,-5.029769999999999
2301,-5.029769999999999
2302,-5.029769999999999
2303,-5.029769999999999
2304,-5.029769999999999
2305,-5.029769999999999
2306,-5.029769999999999
2307,-5.029769999999999
2308,-5.029769999999999
2309,-5.029769999999999
2310,-5.029769999999999
2311,-5.029769999999999
2312,-5.029769999999999
2313,-5.029769999999999
2314,-5.029769999999999
2315,-5.029769999999999
2316,-5.029769999999999
2317,-5.029769999999999
2318,-5.029769999999999
2319,-5.029769999999999
2320,-5.029769999999999
2321,-5.029769999999999
2322,-5.029769999999999
2323,-5.029769999999999
2324,-5.029769999999999
2325,-5.029769999999999
2326,-5.029769999999999
2327,-5.029769999999999
2328,-5.029769999999999
2329,-5.029769999999999
2330,-5.029769999999999
2331,-5.029769999999999
2332,-5.029769999999999
2333,-5.029769999999999
2334,-5.029769999999999
2335,-5.029769999999999
2336,-5.029769999999999
2337,-5.029769999999999
2338,-5.029769999999999
2339,-5.029769999999999
2340,-5.029769999999999
2341,-5.029769999999999
2342,-5.029769999999999
2343,-5.029769999999999
2344,-5.029769999999999
2345,-5.029769999999999
2346,-5.029769999999999
2347,-5.029769999999999
2348,-5.029769999999999
2349,-5.029769999999999
2350,-5.029769999999999
2351,-5.029769999999999
2352,-5.029769999999999
2353,-5.029769999999999
2354,-5.029769999999999
2355,-5.029769999999999
2356,-5.029769999999999
2357,-5.029769999999999
2358,-5.029769999999999
2359,-5.029769999999999
2360,-5.029769999999999
2361,-5.029769999999999
2362,-5.029769999999999
2363,-5.029769999999999
2364,-5.029769999999999
2365,-5.029769999999999
2366,-5.029769999999999
2367,-5.029769999999999
2368,-5.029769999999999
2369,-5.029769999999999
2370,-5.029769999999999
2371,-5.029769999999999
2372,-5.029769999999999
2373,-5.029769999999999
2374,-5.029769999999999
2375,-5.029769999999999
2376,-5.029769999999999
2377,-5.029769999999999
2378,-5.029769999999999
2379,-5.029769999999999
2380,-5.029769999999999
2381,-5.029769999999999
2382,-5.029769999999999
2383,-5.029769999999999
2384,-5.029769999999999
2385,-5.029769999999999
2386,-5.029769999999999
2387,-5.029769999999999
2388,-5.029769999999999
2389,-5.029769999999999
2390,-5.029769999999999
2391,-5.029769999999999
2392,-5.029769999999999
2393,-5.029769999999999
2394,-5.029769999999999
2395,-5.029769999999999
2396,-5.029769999999999
2397,-5.029769999999999
2398,-5.029769999999999
2399,-5.029769999999999
2400,-5.029769999999999
2401,-5.029769999999999
2402,-5.029769999999999
2403,-5.029769999999999
2404,-1.98105
2405,-4.74274
2406,-4.67221
2407,-4.67221
2408,-4.67221
2409,-4.74274
2410,-4.74274
2411,-4.74274
2412,-4.74274
2413,-4.74274
2414,-4.74274
2415,-4.74274
2416,-4.74274
2417,-4.74274
2418,-4.74274
2419,-4.74274
2420,-4.74274
2421,-4.74274
2422,-4.74274
2423,-4.74274
2424,-4.74274
2425,-4.74274
2426,-4.74274
2427,-4.74274
2428,-4.74274
2429,-4.74274
2430,-4.74274
2431,-4.74274
2432,-4.74274
2433,-4.74274
2434,-4.74274
2435,-4.74274
2436,-4.74274
2437,-4.74274
2438,-4.74274
2439,-4.74274
2440,-4.74274
2441,-4.74274
2442,-4.74274
2443,-4.74274
2444,-4.74274
2445,-4.74274
2446,-4.74274
2447,-4.74274
2448,-4.74274
2449,-4.74274
2450,-4.74274
2451,-4.74274
2452,-4.74274
2453,-4.74274
2454,-4.74274
2455,-4.74274
2456,-4.74274
2457,-4.74274
2458,-4.74274
2459,-4.74274
2460,-4.74274
2461,-4.74274
2462,-4.74274
2463,-4.74274
2464,-4.74274
2465,-4.74274
2466,-4.74274
2467,-4.74274
2468,-4.74274
2469,-4.74274
2470,-4.74274
2471,-4.74274
2472,-4.74274
2473,-4.74274
2474,-4.74274
2475,-4.74274
2476,-4.74274
2477,-4.74274
2478,-4.74274
2479,-4.74274
2480,-4.74274
2481,-4.74274
2482,-4.74274
2483,-4.74274
2484,-4.74274
2485,-4.74274
2486,-4.74274
2487,-4.74274
2488,-4.74274
2489,-4.74274
2490,-4.74274
2491,-4.74274
2492,-4.74274
2493,-4.74274
2494,-4.74274
2495,-4.74274
2496,-4.74274
2497,-4.74274
2498,-4.74274
2499,-4.74274
2500,-4.74274
2501,-4.74274
2502,-4.74274
2503,-4.74274
2504,-4.74274
2505,-4.74274
2506,-4.74274
2507,-4.74274
2508,-4.74274
2509,-4.74274
2510,-4.74274
2511,-4.74274
2512,-4.74274
2513,-4.74274
2514,-4.74274
2515,-4.74274
2516,-4.74274
2517,-4.74274
2518,-4.74274
2519,-4.74274
2520,-4.74274
2521,-4.74274
2522,-4.74274
2523,-4.74274
2524,-4.74274
2525,-4.74274
2526,-4.74274
2527,-4.74274
2528,-4.74274
2529,-4.74274
2530,-4.74274
2531,-4.74274
2532,-4.74274
2533,-4.74274
2534,-4.74274
2535,-4.74274
2536,-4.74274
2537,-4.74274
2538,-4.74274
2539,-4.74274
2540,-4.74274
2541,-4.74274
2542,-4.74274
2543,-4.74274
2544,-4.74274
2545,-4.74274
2546,-4.74274
2547,-4.74274
2548,-4.74274
2549,-4.74274
2550,-4.74274
2551,-4.74274
2552,-4.74274
2553,-4.74274
2554,-4.74274
2555,-4.74274
2556,-4.74274
2557,-4.74274
2558,-4.74274
2559,-4.74274
2560,-4.74274
2561,-4.74274
2562,-4.74274
2563,-4.74274
2564,-4.74274
2565,-4.74274
2566,-4.74274
2567,-4.74274
2568,-4.74274
2569,-4.74274
2570,-4.74274
2571,-4.74274
2572,-4.74274
2573,-4.74274
2574,-4.74274
2575,-4.74274
2576,-4.74274
2577,-4.74274
2578,-4.74274
2579,-4.74274
2580,-4.74274
2581,-4.74274
2582,-4.74274
2583,-4.74274
2584,-4.74274
2585,-4.74274
2586,-4.74274
2587,-4.74274
2588,-4.74274
2589,-4.74274
2590,-4.74274
2591,-4.74274
2592,-4.74274
2593,-4.74274
2594,-4.74274
2595,-4.74274
2596,-4.74274
2597,-4.74274
2598,-4.74274
2599,-4.74274
2600,-4.74274
2601,-4.74274
2602,-4.74274
2603,-4.74274
2604,-4.74274
2605,-4.74274
2606,-4.74274
2607,-4.74274
2608,-4.74274
2609,-4.74274
2610,-4.74274
2611,-4.74274
2612,-4.74274
2613,-4.74274
2614,-4.74274
2615,-4.74274
2616,-4.74274
2617,-4.74274
2618,-4.74274
2619,-4.74274
2620,-4.74274
2621,-4.74274
2622,-4.74274
2623,-4.74274
2624,-4.74274
2625,-4.74274
2626,-4.74274
2627,-4.74274
2628,-4.74274
2629,-4.74274
2630,-4.74274
2631,-4.74274
2632,-4.74274
2633,-4.74274
2634,-4.74274
2635,-4.74274
2636,-4.74274
2637,-4.74274
2638,-4.74274
2639,-4.74274
2640,-4.74274
2641,-4.74274
2642,-4.74274
2643,-4.74274
2644,-4.74274
2645,-4.74274
2646,-4.74274
2647,-4.74274
2648,-4.74274
2649,-4.74274
2650,-4.74274
2651,-4.74274
2652,-4.74274
2653,-4.74274
2654,-4.74274
2655,-4.74274
2656,-4.74274
2657,-4.74274
2658,-4.74274
2659,-4.74274
2660,-4.74274
2661,-4.74274
2662,-4.74274
2663,-4.74274
2664,-4.74274
2665,-4.74274
2666,-4.74274
2667,-4.74274
2668,-4.74274
2669,-4.74274
2670,-4.74274
2671,-4.74274
2672,-4.74274
2673,-4.74274
2674,-4.74274
2675,-4.74274
2676,-4.74274
2677,-4.74274
2678,-4.74274
2679,-4.74274
2680,-4.74274
2681,-4.74274
2682,-4.74274
2683,-4.74274
2684,-4.74274
2685,-4.74274
2686,-4.74274
2687,-4.74274
2688,-4.74274
2689,-4.74274
2690,-4.74274
2691,-4.74274
2692,-4.74274
2693,-4.74274
2694,-4.74274
2695,-4.74274
2696,-4.74274
2697,-4.74274
2698,-4.74274
2699,-4.74274
2700,-4.74274
2701,-4.74274
2702,-4.74274
2703,-4.74274
2704,-4.74274
2705,-4.74274
2706,-4.74274
2707,-4.74274
2708,-4.74274
2709,-4.74274
2710,-4.74274
2711,-4.74274
2712,-4.74274
2713,-4.74274
2714,-4.74274
2715,-4.74274
2716,-4.74274
2717,-4.74274
2718,-4.74274
2719,-4.74274
2720,-4.74274
2721,-4.74274
2722,-4.74274
2723,-4.74274
2724,-4.74274
2725,-4.74274
2726,-4.74274
2727,-4.74274
2728,-4.74274
2729,-4.74274
2730,-4.74274
2731,-4.74274
2732,-4.74274
2733,-4.74274
2734,-4.74274
2735,-4.74274
2736,-4.74274
2737,-4.74274
2738,-4.74274
2739,-4.74274
2740,-4.74274
2741,-4.74274
2742,-4.74274
2743,-4.74274
2744,-4.74274
2745,-4.74274
2746,-4.74274
2747,-4.74274
2748,-4.74274
2749,-4.74274
2750,-4.74274
2751,-4.74274
2752,-4.74274
2753,-4.74274
2754,-4.74274
2755,-4.74274
2756,-4.74274
2757,-4.74274
2758,-4.74274
2759,-4.74274
2760,-4.74274
2761,-4.74274
2762,-4.74274
2763,-4.74274
2764,-4.74274
2765,-4.74274
2766,-4.74274
2767,-4.74274
2768,-4.74274
2769,-4.74274
2770,-4.74274
2771,-4.74274
2772,-4.74274
2773,-4.74274
2774,-4.74274
2775,-4.74274
2776,-4.74274
2777,-4.74274
2778,-4.74274
2779,-4.74274
2780,-4.74274
2781,-4.74274
2782,-4.74274
2783,-4.74274
2784,-4.74274
2785,-4.74274
2786,-4.74274
2787,-4.74274
2788,-4.74274
2789,-4.74274
2790,-4.74274
2791,-4.74274
2792,-4.74274
2793,-4.74274
2794,-4.74274
2795,-4.74274
2796,-4.74274
2797,-4.74274
2798,-4.74274
2799,-4.74274
2800,-4.74274
2801,-4.74274
2802,-4.74274
2803,-4.74274
2804,-4.74274
2805,-4.74274
2806,-4.74274
2807,-4.74274
2808,-4.74274
2809,-4.74274
2810,-4.74274
2811,-4.74274
2812,-4.74274
2813,-4.74274
2814,-4.74274
2815,-4.74274
2816,-4.74274
2817,-4.74274
2818,-4.74274
2819,-4.74274
2820,-4.74274
2821,-4.74274
2822,-4.74274
2823,-4.74274
2824,-4.74274
2825,-4.74274
2826,-4.74274
2827,-4.74274
2828,-4.74274
2829,-4.74274
2830,-4.74274
2831,-4.74274
2832,-4.74274
2833,-4.74274
2834,-4.74274
2835,-4.74274
2836,-4.74274
2837,-4.74274
2838,-4.74274
2839,-4.74274
2840,-4.74274
2841,-4.74274
2842,-4.74274
2843,-4.74274
2844,-4.74274
2845,-4.74274
2846,-4.74274
2847,-4.74274
2848,-4.74274
2849,-4.74274
2850,-4.74274
2851,-4.74274
2852,-4.74274
2853,-4.74274
2854,-4.74274
2855,-4.74274
2856,-4.74274
2857,-4.74274
2858,-4.74274
2859,-4.74274
2860,-4.74274
2861,-4.74274
2862,-4.74274
2863,-4.74274
2864,-4.74274
2865,-4.74274
2866,-4.74274
2867,-4.74274
2868,-4.74274
2869,-4.74274
2870,-4.74274
2871,-4.74274
2872,-4.74274
2873,-4.74274
2874,-4.74274
2875,-4.74274
2876,-4.74274
2877,-4.74274
2878,-4.74274
2879,-4.74274
2880,-4.74274
2881,-4.74274
2882,-4.74274
2883,-4.74274
2884,-4.74274
2885,-4.74274
2886,-4.74274
2887,-4.74274
2888,-4.74274
2889,-4.74274
2890,-4.74274
2891,-4.74274
2892,-4.74274
2893,-4.74274
2894,-4.74274
2895,-4.74274
2896,-4.74274
2897,-4.74274
2898,-4.74274
2899,-4.74274
2900,-4.74274
2901,-4.74274
2902,-4.74274
2903,-4.74274
2904,-4.74274
2905,-4.74274
2906,-4.74274
2907,-4.74274
2908,-4.74274
2909,-4.74274
2910,-4.74274
2911,-4.74274
2912,-4.74274
2913,-4.74274
2914,-4.74274
2915,-4.74274
2916,-4.74274
2917,-4.74274
2918,-4.74274
2919,-4.74274
2920,-4.74274
2921,-4.74274
2922,-4.74274
2923,-4.74274
2924,-4.74274
2925,-4.74274
2926,-4.74274
2927,-4.74274
2928,-4.74274
2929,-4.74274
2930,-4.74274
2931,-4.74274
2932,-4.74274
2933,-4.74274
2934,-4.74274
2935,-4.74274
2936,-4.74274
2937,-4.74274
2938,-4.74274
2939,-4.74274
2940,-4.74274
2941,-4.74274
2942,-4.74274
2943,-4.74274
2944,-4.74274
2945,-4.74274
2946,-4.74274
2947,-4.74274
2948,-4.74274
2949,-4.74274
2950,-4.74274
2951,-4.74274
2952,-4.74274
2953,-4.74274
2954,-4.74274
2955,-4.74274
2956,-4.74274
2957,-4.74274
2958,-4.74274
2959,-4.74274
2960,-4.74274
2961,-4.74274
2962,-4.74274
2963,-4.74274
2964,-4.74274
2965,-4.74274
2966,-4.74274
2967,-4.74274
2968,-4.74274
2969,-4.74274
2970,-4.74274
2971,-4.74274
2972,-4.74274
2973,-4.74274
2974,-4.74274
2975,-4.74274
2976,-4.74274
2977,-4.74274
2978,-4.74274
2979,-4.74274
2980,-4.74274
2981,-4.74274
2982,-4.74274
2983,-4.74274
2984,-4.74274
2985,-4.74274
2986,-4.74274
2987,-4.74274
2988,-4.74274
2989,-4.74274
2990,-4.74274
2991,-4.74274
2992,-4.74274
2993,-4.74274
2994,-4.74274
2995,-4.74274
2996,-4.74274
2997,-4.74274
2998,-4.74274
2999,-4.74274
3000,-4.74274
3001,-4.74274
3002,-4.74274
3003,-4.74274
3004,-4.74274
